,SimNum,Iteration,Loss
0,0,0,0.018253448117197587
1,0,1,0.020705718441107794
2,0,2,0.008359360863850316
3,0,3,0.02031480950101555
4,0,4,0.009291477868868855
