,SimNum,Iteration,Period,Fidelity,Loss
0,0,0,0,S,0.019983947749261637
1,0,1,0,S,0.014719772124081083
2,0,2,0,S,0.013787142106258652
3,0,3,0,S,0.013486006041278448
4,0,4,0,S,0.01335351503827116
5,0,5,0,S,0.016981496957353372
6,0,6,0,S,0.013053383990773822
7,0,7,0,S,0.01285010117968929
