mu_sf,s^2_sf,L_sf,noise_sf
-1.0991548948040493,-2.9726562631113804,-0.793893116898662,-1.3625782312551975
