mu_sf,s^2_sf,L_sf,noise_sf
0.2952216930954196,-2.3524197307478327,-1.4284755575260515,-4.609482176390986
