mu_sf,s^2_sf,L_sf,noise_sf
0.001,-2.368468757,-1.353149618,-4.596652374
