mu_sf,s^2_sf,L_sf,noise_sf
0.001,-2.511044289,-1.485869471,-6.091951062
