mu_sf,s^2_sf,L_sf,noise_sf
-1.21006642748467,-2.5343035850381024,-1.4288231301940826,-1.429481927317756
