mu_sf,s^2_sf,L_sf,noise_sf
0.4988740743099044,-1.8307925115104684,-0.13904853469910017,-2.480206825063271
