mu_sf,s^2_sf,L_sf,noise_sf
0.0001,-4.346024002,-2.109435405,-32.09906367
