mu_sf,s^2_sf,L_sf,noise_sf
0.0,-2.3684687573991696,-1.3531496178545968,-4.596652373560554
