,SimNum,Iteration,Period,Fidelity,Loss
0,0,0,0,S,0.027083378521472655
1,0,1,0,S,0.027990345417241082
2,0,2,0,S,0.028210364763835014
3,0,3,0,S,0.03830626649761317
4,0,4,0,S,0.020324560061286134
5,0,5,0,S,0.014102580262157546
6,0,6,0,S,0.014282171398123829
7,0,7,0,S,0.014287760824225375
