,SimNum,Iteration,Period,Fidelity,Loss
0,0,0,0,S,0.014716520832941163
1,0,1,0,S,0.03618381686819115
2,0,2,0,S,0.0065523175939968675
3,0,3,0,S,0.012339635419684223
4,0,4,0,S,0.009521032774729498
5,0,5,0,S,0.01780518595983245
6,0,6,0,S,0.006300707342047342
7,0,7,0,S,0.005696777266401207
