mu_lo,s^2_lo,L_lo,mu_hi,s^2_hi,L_hi,rho,noise_lo,noise_hi
-13.475377269456692,-2.151624508836465,-0.16291912489260518,-15.74289496806491,-3.39145528650624,-1.535745439390473,-0.7598189960870719,-49.74490006351279,-4.696938367355815
