mu_sf,s^2_sf,L_sf,noise_sf
-2.328690034,-3.483625585,-2.237249,-2.302585093
