,SimNum,Iteration,Period,Fidelity,Loss
0,0,0,0,S,0.056633945362893706
1,0,1,0,S,0.04773141385774403
2,0,2,0,S,0.04882182055628956
3,0,3,0,S,0.04043731996136042
4,0,4,0,S,0.03986332961649745
5,0,5,0,S,0.04311340230377681
6,0,6,0,S,0.02979281204219795
7,0,7,0,S,0.03098490644858659
