,SimNum,Iteration,Period,Fidelity,Loss
0,0,0,0,M,0.04135289261094033
1,0,1,0,M,0.07593085346234076
2,0,2,0,M,0.046910609057137294
3,0,3,0,M,0.02679728088803167
4,0,4,0,M,0.02678505023809547
5,0,5,0,M,0.016715205855120457
6,0,6,0,M,0.031534445062586014
7,0,7,0,M,0.023362863634784375
