,SimNum,Iteration,Period,Fidelity,Loss
0,0,0,0,S,0.022857988984025145
1,0,1,0,S,0.024164613805680357
2,0,2,0,S,0.021788519881894546
3,0,3,0,S,0.01555940246895005
4,0,4,0,S,0.006582436844456988
5,0,5,0,S,0.009321266180225711
6,0,6,0,S,0.011870913304142252
7,0,7,0,S,0.006566005101308312
