,SimNum,Iteration,Period,Fidelity,Loss
0,0,0,0,M,0.05079233977847582
1,0,1,0,M,0.030622212945905846
2,0,2,0,M,0.01524070983602353
3,0,3,0,M,0.018036811062845614
4,0,4,0,M,0.01600298906461967
5,0,5,0,M,0.01290789858684763
6,0,6,0,M,0.021997792279235092
7,0,7,0,M,0.024097665335489737
