mu_sf,s^2_sf,L_sf,noise_sf
-1.099154895,-2.972656263,-0.793893117,-1.362578231
