,SimNum,Iteration,Period,Fidelity,Loss
0,0,0,0,S,0.03197400546467229
1,0,1,0,S,0.09842500758156804
2,0,2,0,S,0.15813110550517406
3,0,3,0,S,0.04162560948903575
4,0,4,0,S,0.01807063401319907
5,0,5,0,S,0.015514255923172685
6,0,6,0,S,0.03317213416444599
7,0,7,0,S,0.015295176543582771
