mu_sf,s^2_sf,L_sf,noise_sf
-1.553203631596069,-2.8499286594982487,-1.4385342454450882,-4.694876102185403
