mu_sf,s^2_sf,L_sf,noise_sf
0.0,-2.2222733926876836,-1.1044697403613706,-33.02798943937328
