,SimNum,Iteration,Agent,X,Y,Sample
0,0,5,1.0,1.0,1.0,0.07897699999999999
1,0,5,3.0,0.1,1.0,0.13662
