,SimNum,Iteration,Period,Fidelity,Loss
0,0,0,0,S,0.024528853331364807
1,0,0,0,S,0.0500256668556832
2,0,0,0,M,0.025424521155941352
3,0,0,0,S,0.01948463257278004
4,0,1,0,S,0.02109408475579641
5,0,2,0,S,0.025586787730947518
6,0,3,0,S,0.008825401401475927
7,0,4,0,S,0.01954584475902601
8,0,5,0,S,0.01549690957241639
9,0,6,0,S,0.005600212445692164
10,0,7,0,S,0.005532815947422685
