,SimNum,Iteration,Period,Fidelity,Loss
0,0,0,0,S,0.024528853331364807
1,0,0,0,S,0.0500256668556832
2,0,0,0,M,0.025424521155941352
