,SimNum,Iteration,Period,Fidelity,Agent,X,Y,XMax,YMax,VarMax,Var0,XCentroid,YCentroid,ProbExplore,Explore
0,0,0,0,S,0,0.31017766994402907,0.5792861260312006,0.0,0.5792861260312006,0.06096360934141172,0.06096360934141172,0.21613382899628214,0.6023048327137546,1.0,0.0
1,0,0,0,S,1,0.7360461266196803,0.39763128406747184,0.52,0.39763128406747184,0.06096360934141172,0.06096360934141172,0.8078500000000018,0.3901500000000001,1.0,0.0
2,0,0,0,S,2,0.4642806315058926,0.8736195247503714,0.0,0.8736195247503714,0.06096360934141172,0.06096360934141172,0.536886035313002,0.8734189406099514,1.0,0.0
3,0,0,0,S,3,0.3934799051946769,0.26956164930097026,0.0,0.26956164930097026,0.06096360934141172,0.06096360934141172,0.3179062499999993,0.18781250000000002,1.0,0.0
