mu_lo,s^2_lo,L_lo,mu_hi,s^2_hi,L_hi,rho,noise_lo,noise_hi
0.1615946004966621,-2.0263939500299437,-0.6340826732116733,-0.09683593466998483,-3.099971718287167,-1.5187099319018313,-0.6470845993734003,-58.03104612120063,-27.448276873044556
