mu_sf,s^2_sf,L_sf,noise_sf
0.0001,-2.797478161,-1.500619305,-37.82682938
