mu_sf,s^2_sf,L_sf,noise_sf
0.0,-2.79747816134175,-1.500619304546136,-37.826829377362934
